"","V1","V2"
"1",NA,"Hoge veerkracht, 2024"
"2",0,"53.1"
"3",1,"56.9"
"4",2,"58"
"5",3,"53.6"
"6",4,"55.5"
"7",5,"52.7"
"8",6,"56.1"
"9",7,"54.2"
"10",8,"50.4"
"11",9,"53"
"12",10,"55.2"
"13",11,"54.6"
"14",12,"53.9"
"15",13,"62.9"
"16",14,"53.8"
"17",15,"55.4"
"18",16,"50.1"
"19",17,"52.9"
"20",18,"49.1"
"21",19,"54"
"22",20,"54.5"
"23",21,"51.7"
"24",22,"57.1"
"25",23,"55.2"
"26",24,"54.7"
"27",25,"55.9"
"28",26,"56.6"
"29",27,"56.2"
"30",28,"53.3"
"31",29,"54.1"
"32",30,"54.7"
"33",31,"61.4"
"34",32,"50.2"
"35",33,"54.9"
"36",34,"54.7"
"37",35,"53.7"
"38",36,"54.4"
"39",37,"52.2"
"40",38,"57.2"
"41",39,"53.2"
"42",40,"61"
"43",41,"62.8"
"44",42,"57.1"
"45",43,"54.1"
"46",44,"55.4"
"47",45,"55.4"
"48",46,"52.8"
"49",47,"52.9"
"50",48,"51.3"
"51",49,"56.2"
"52",50,"54.8"
"53",51,"53.5"
"54",52,"57.2"
"55",53,"56.1"
"56",54,"56.5"
"57",55,"52"
"58",56,"59.5"
"59",57,"55.2"
"60",58,"53.5"
"61",59,"54.5"
"62",60,"54.4"
"63",61,"57.8"
"64",62,"49.7"
"65",63,"54.1"
"66",64,"50.7"
"67",65,"51.8"
"68",66,"56.4"
"69",67,"55.9"
"70",68,"52.6"
"71",69,"51.8"
"72",70,"53.1"
"73",71,"50.5"
"74",72,"57.9"
"75",73,"54.5"
"76",74,"56.9"
"77",75,"54.4"
"78",76,"53.8"
"79",77,"56.2"
"80",78,"57.9"
"81",79,"53.6"
"82",80,"57.7"
"83",81,"49.7"
"84",82,"54.6"
"85",83,"57.2"
"86",84,"48.4"
"87",85,"53.2"
"88",86,"53.5"
"89",87,"54.4"
"90",88,"49.3"
"91",89,"55.3"
"92",90,"55.2"
"93",91,"50.8"
"94",92,"61.5"
"95",93,"52.6"
"96",94,"52.8"
"97",95,"54.1"
"98",96,"54.2"
"99",97,"52.7"
"100",98,"54.8"
"101",99,"50.8"
"102",100,"53.8"
"103",101,"58.1"
"104",102,"51.2"
"105",103,"52.2"
"106",104,"49.9"
"107",105,"47.7"
"108",106,"56.5"
"109",107,"54.6"
"110",108,"52.9"
"111",109,"55.6"
"112",110,"52.2"
"113",111,"53.5"
"114",112,"53.4"
"115",113,"53.3"
"116",114,"61.1"
"117",115,"54.3"
"118",116,"54.6"
"119",117,"59.8"
"120",118,"54.9"
"121",119,"59"
"122",120,"50.5"
"123",121,"57"
"124",122,"59.5"
"125",123,"54.7"
"126",124,"54.2"
"127",125,"49.5"
"128",126,"54.1"
"129",127,"51.7"
"130",128,"51.6"
"131",129,"55.7"
"132",130,"53.8"
"133",131,"55.5"
"134",132,"55.3"
"135",133,"53.9"
"136",134,"55.6"
"137",135,"55.9"
"138",136,"51.7"
"139",137,"57.8"
"140",138,"53"
"141",139,"53.5"
"142",140,"56.1"
"143",141,"55.9"
"144",142,"55.6"
"145",143,"52.2"
"146",144,"54.6"
"147",145,"57.5"
"148",146,"52.2"
"149",147,"53.1"
"150",148,"55"
"151",149,"51.8"
"152",150,"58.5"
"153",151,"53.9"
"154",152,"55.8"
"155",153,"54.4"
"156",154,"54"
"157",155,"53.6"
"158",156,"57.7"
"159",157,"56.9"
"160",158,"62.1"
"161",159,"56.3"
"162",160,"50.4"
"163",161,"55"
"164",162,"54.8"
"165",163,"54.2"
"166",164,"57.3"
"167",165,"57.2"
"168",166,"54.8"
"169",167,"56.1"
"170",168,"57"
"171",169,"52.5"
"172",170,"56.3"
"173",171,"54.9"
"174",172,"54.8"
"175",173,"57.9"
"176",174,"53.5"
"177",175,"53.2"
"178",176,"48.6"
"179",177,"57.1"
"180",178,"56.3"
"181",179,"53.6"
"182",180,"52.5"
"183",181,"50.5"
"184",182,"57.4"
"185",183,"57.5"
"186",184,"50.1"
"187",185,"53.1"
"188",186,"55.7"
"189",187,"53.7"
"190",188,"56.8"
"191",189,"57.2"
"192",190,"53.8"
"193",191,"56.4"
"194",192,"52.5"
"195",193,"58.1"
"196",194,"56.1"
"197",195,"48.2"
"198",196,"51.9"
"199",197,"58.2"
"200",198,"53.9"
"201",199,"56.5"
"202",200,"58.8"
"203",201,"57"
"204",202,"56.4"
"205",203,"55"
"206",204,"58"
"207",205,"54.9"
"208",206,"54.6"
"209",207,"51.2"
"210",208,"53.1"
"211",209,"54.5"
"212",210,"55.5"
"213",211,"54.4"
"214",212,"54.8"
"215",213,"52.3"
"216",214,"58.1"
"217",215,"57"
"218",216,"58.2"
"219",217,"61"
"220",218,"51.6"
"221",219,"53.3"
"222",220,"57.4"
"223",221,"56.7"
"224",222,"55"
"225",223,"52.9"
"226",224,"56.5"
"227",225,"49.6"
"228",226,"56.4"
"229",227,"53.6"
"230",228,"55.5"
"231",229,"54.7"
"232",230,"50.4"
"233",231,"56.8"
"234",232,"56.8"
"235",233,"54.4"
"236",234,"52.9"
"237",235,"54.7"
"238",236,"52.6"
"239",237,"53.8"
"240",238,"52.4"
"241",239,"56.3"
"242",240,"52.9"
"243",241,"58.1"
"244",242,"49.4"
"245",243,"47.9"
"246",244,"63.4"
"247",245,"51"
"248",246,"59.2"
"249",247,"54.6"
"250",248,"49.7"
"251",249,"60.1"
"252",250,"55.1"
"253",251,"55.8"
"254",252,"56"
"255",253,"53.2"
"256",254,"51.2"
"257",255,"52.9"
"258",256,"56.7"
"259",257,"55.9"
"260",258,"55.1"
"261",259,"55.7"
"262",260,"49.3"
"263",261,"52.3"
"264",262,"55.7"
"265",263,"52.1"
"266",264,"57"
"267",265,"55"
"268",266,"56.5"
"269",267,"60"
"270",268,"49.3"
"271",269,"61.5"
"272",270,"59.8"
"273",271,"57"
"274",272,"51.3"
"275",273,"50.6"
"276",274,"48"
"277",275,"55.4"
"278",276,"52.6"
"279",277,"56.1"
"280",278,"59.3"
"281",279,"56.8"
"282",280,"56.4"
"283",281,"60.4"
"284",282,"49.8"
"285",283,"57.9"
"286",284,"51.5"
"287",285,"56.1"
"288",286,"51.9"
"289",287,"50.1"
"290",288,"52.6"
"291",289,"55.3"
"292",290,"52.6"
"293",291,"54.6"
"294",292,"52.7"
"295",293,"53.9"
"296",294,"54"
"297",295,"50.5"
"298",296,"63.1"
"299",297,"50.3"
"300",298,"56.7"
"301",299,"56.4"
"302",300,"57.1"
"303",301,"56.4"
"304",302,"56.2"
"305",303,"61.7"
"306",304,"55.9"
"307",305,"51"
"308",306,"54.7"
"309",307,"49.4"
"310",308,"59.3"
"311",309,"58.2"
"312",310,"54.5"
"313",311,"55.6"
"314",312,"55.4"
"315",313,"56.1"
"316",314,"59.8"
"317",315,"52.2"
"318",316,"52.2"
"319",317,"56.3"
"320",318,"59.5"
"321",319,"55.5"
"322",320,"53.7"
"323",321,"59.5"
"324",322,"55.9"
"325",323,"53.2"
"326",324,"51.5"
"327",325,"55.4"
"328",326,"57.7"
"329",327,"55.6"
"330",328,"55.3"
"331",329,"51.7"
"332",330,"53.6"
"333",331,"56.5"
"334",332,"57.3"
"335",333,"55.3"
"336",334,"53"
"337",335,"53"
"338",336,"57.4"
"339",337,"56.4"
"340",338,"52.1"
"341",339,"52.3"
"342",340,"53.9"
"343",341,"51.3"
"344",342,"50.7"
